Locus	genes	locus_ID
rs12603592	SMG6	76
rs8124662	PROCR	87
rs71962021	BCAS3	80
rs663129	PMAIP1	82
rs945961	PROCR	87
rs4888391	CFDP1	74
rs62233069	POM121L9P/ADORA2A	89
rs75345389	COL4A2	66
rs4977575	CDKN2BAS	46
rs60894440	BCAS3	80
rs900145	ARNTL	53
rs4888391	CFDP1	74
rs2288393	LOX	30
rs5832649	MAT2A/GGCX	13
rs2291834	MIA3/AIDA	9
rs17163363	MIA3/AIDA	9
rs2074626	DHX38	73
rs1078004	MAT2A/GGCX	13
rs2240243	DHX38	73
rs2240243	DHX38	73
rs1078004	MAT2A/GGCX	13
rs2074626	DHX38	73
rs1078457	ARNTL	53
rs986720	ARNTL	53
rs1624917	ARHGEF26	24
rs62233075	POM121L9P/ADORA2A	89
rs10517620	GUCY1A3	29
rs17163345	MIA3/AIDA	9
rs944797	CDKN2BAS	46
rs10172544	MAT2A/GGCX	13
rs7182103	ADAMTS7	70
rs7182103	ADAMTS7	70
rs11450190	LMOD1	8
rs1078457	PCNX3	54
rs79668541	CYP17A1/CNNM2/NT5C2	51
rs8124662	PROCR	87
2:216304770	FN1	16
rs12311848	CCDC92/ZNF664	62
rs903065	FGD5	20
rs17740744	ZEB2	14
rs6567160	PMAIP1	82
rs7200616	CFDP1	74
rs11905081	PROCR	87
rs12149063	CFDP1	74
rs118039278	LPA	38
rs216179	SMG6	76
rs78260931	CYP17A1/CNNM2/NT5C2	51
rs12311848	CCDC92/ZNF664	62
rs76774446	GOSR2	78
rs12906125	FURIN/FES	72
rs12311848	CCDC92/ZNF664	62
